priorityRank,guide,productName,brand,asin,amazonUrl,priceBand,keySpec,whyPick,hero,affiliateUrl,status
1,"Best Cordless Tire Inflators","Fanttik X8 APEX Portable Tire Inflator (150 PSI Cordless)","Fanttik",B09YD2D96V,"https://www.amazon.com/dp/B09YD2D96V","$70-90","150 PSI max; car tire in ~1 min; rechargeable Li-ion, USB-C, cordless","Reviewers repeatedly name it the best overall cordless — fastest inflation, longest runtime, best build in the pocket-inflator class, ~±1 PSI accuracy.",HERO,,needs affiliate link
2,"Best Portable Power for Car and Road Trips","Jackery Explorer 1000 v2 Portable Power Station","Jackery",B0D7PPG25F,"https://www.amazon.com/dp/B0D7PPG25F","$449-799","1070Wh LiFePO4; 1500W AC (3000W surge); 3 AC + USB-C 100W + USB-C 30W + USB-A + 12V; ~1hr recharge","The definitive road-trip/outage hero: 1kWh+, a real 1500W AC inverter that runs most car-camp gear, ~1-hour recharge, and Jackery is the brand people actually search. LiFePO4 rated for 4,000 cycles.",HERO,,needs affiliate link
3,"Best Portable Jump Starters","NOCO Boost GB40 1000A UltraSafe Lithium Jump Starter","NOCO",B015TKUPIC,"https://www.amazon.com/dp/B015TKUPIC","$80-100","1000A peak; up to 6.0L gas / 3.0L diesel; ~20 jumps per charge","The default best-overall. Trusted for honest (not inflated) amp ratings, UltraSafe spark-proof + reverse-polarity protection, and a genuinely pocketable size — the unit everything else is compared against.",HERO,,needs affiliate link
4,"Roadside Emergency Kit Essentials","Lifeline 4388AAA Excursion Road 76-Piece Roadside Assistance Kit","Lifeline (AAA)",B00N509LP2,"https://www.amazon.com/dp/B00N509LP2","$50-75","76 pieces in one case, including an integrated 12V air compressor","The fastest way to cover most roadside scenarios in one purchase, from the AAA co-developed Lifeline line buyers already trust. The natural anchor for a what-belongs-in-your-trunk guide.",HERO,,needs affiliate link
5,"Best Dash Cams for Everyday Drivers","VIOFO A229 Plus (2CH Front + Rear)","VIOFO",B0CKX14L34,"https://www.amazon.com/dp/B0CKX14L34","$200-260","1440p+1440p front+rear, dual Sony STARVIS 2, 5GHz Wi-Fi + GPS","The reference-grade front+rear crash-protection setup reviewers keep crowning best-overall — twin STARVIS 2 sensors keep plates legible day and night, exactly the footage that wins an insurance dispute.",HERO,,needs affiliate link
6,"Roadside Emergency Kit Essentials","resqme The Original Car Escape Tool — Seatbelt Cutter + Window Breaker","resqme",B01G6C18EC,"https://www.amazon.com/dp/B01G6C18EC","$10-15","Spring-loaded window punch + concealed seatbelt cutter, Made in USA","The single tool that turns a trapped-in-the-car emergency — submersion, post-crash, a jammed belt — into a five-second exit. Made in USA, originally issued to first responders. The standout glass-break moment for a reel.",,,needs affiliate link
7,"Car Gear Worth Keeping in Your Trunk","NOCO GENIUS5 Smart Battery Charger & Maintainer (5A, 6V/12V)","NOCO",B07W8KJH44,"https://www.amazon.com/dp/B07W8KJH44","$50-70","5A charge rate, 6V/12V, revives dead batteries down to 1V","The sweet-spot NOCO: 5A actually recharges a dead car battery overnight (the GENIUS1 only trickle-maintains) yet is safe to leave connected indefinitely; auto-detects chemistry, revives batteries to 1V, temperature-compensates.",,,needs affiliate link
8,"Best Portable Power for Car and Road Trips","BLUETTI AC180 Portable Power Station","Bluetti",B0C1SMJTDT,"https://www.amazon.com/dp/B0C1SMJTDT","$399-699","1152Wh LiFePO4; 1800W AC (2700W peak); 4 AC + USB-C 100W + 12V/100W + wireless pad; 0-80% in 45 min","More capacity and a stouter 1800W (2700W peak) inverter than most 1kWh rivals, plus a wireless charging pad and 20ms UPS switchover. 0-80% in 45 minutes is class-leading.",,,needs affiliate link
9,"Roadside Emergency Kit Essentials","Energizer 1-Gauge 800A Heavy Duty Jumper Cables, 25 ft","Energizer",B017O8JZP6,"https://www.amazon.com/dp/B017O8JZP6","$45-70","1-gauge, 800 amps, 25-foot reach","A dead battery is the #1 roadside call. The heavy 1-gauge build carries enough current to crank trucks and SUVs, and 25 feet reaches a battery even when you can't park nose-to-nose. Reputable brand, strong reviews.",,,needs affiliate link
10,"Best Dash Cams for Everyday Drivers","VIOFO A119 Mini 2","VIOFO",B0C5MVB7NX,"https://www.amazon.com/dp/B0C5MVB7NX","$100-130","2K 1440p60 front-only, Sony STARVIS 2, supercapacitor + 5GHz Wi-Fi/GPS","The go-to best-compact / best-overall front cam — tiny enough to hide behind the mirror, but STARVIS 2 night footage punches far above its size and price.",,,needs affiliate link
11,"Car Gear Worth Keeping in Your Trunk","Baseus 160W USB-C Car Charger (3-Port, QC5.0/PD3.0/PPS)","Baseus",B09HTTSJLV,"https://www.amazon.com/dp/B09HTTSJLV","$45-60","160W total, up to 100W on a single USB-C port (100W + 30W + 30W)","One of the few car chargers with a genuine 100W single-port output, so it can fast-charge a MacBook or iPad Pro and a phone at once — real premium wattage, backed by a ChargerLab teardown and Baseus's mainstream reputation.",,,needs affiliate link
12,"Best Portable Jump Starters","NOCO Boost HD GB70 2000A UltraSafe Lithium Jump Starter","NOCO",B016UG6PWE,"https://www.amazon.com/dp/B016UG6PWE","$150-180","2000A peak; up to 8.0L gas / 6.0L diesel; ~40 jumps per charge","The heavy-duty pick — doubles the GB40's output for trucks, vans, boats and diesels while keeping NOCO's safety pedigree. What serious truck/RV owners buy.",,,needs affiliate link
13,"Best Portable Power for Car and Road Trips","EcoFlow RIVER 2 Pro Portable Power Station","EcoFlow",B0BVLPGS79,"https://www.amazon.com/dp/B0BVLPGS79","$329-599","768Wh LiFePO4; 800W AC (1600W X-Boost); 4 AC + USB-C 100W + car port; 0-100% in ~70 min","The road-trip sweet spot: 768Wh in a 17 lb body that recharges 0-100% in about 70 minutes. Enough to run a mini-fridge or CPAP overnight without hauling a 30 lb brick.",,,needs affiliate link
14,"Car Gear Worth Keeping in Your Trunk","DRIVE Car Trunk Organizer (Collapsible, Multi-Compartment)","Drive Auto Products",B071F82CYJ,"https://www.amazon.com/dp/B071F82CYJ","$35-45","Reinforced collapsible walls + a trunk tie-down anchoring system","Drive Auto Products is the benchmark collapsible organizer: stiff panels that hold their shape, a waterproof lining, and straps that anchor to the trunk so it stops sliding, then folds flat when unneeded.",,,needs affiliate link
15,"Best Dash Cams for Everyday Drivers","VIOFO A139 Pro (3CH Front + Interior + Rear)","VIOFO",B0BV2FRBCS,"https://www.amazon.com/dp/B0BV2FRBCS","$300-360","4K + 1080p + 1080p (front/cabin/rear), STARVIS 2 IMX678, 3-channel","The premium rideshare/fleet answer — true 4K forward detail plus an IR interior channel that documents the cabin. Strong total-coverage angle for professional drivers.",,,needs affiliate link
16,"Best Cordless Tire Inflators","AstroAI Cordless Tire Inflator 160 PSI (20V Battery + 12V Adapter)","AstroAI",B0948WY5YX,"https://www.amazon.com/dp/B0948WY5YX","$50-65","160 PSI max; 30→36 PSI in under ~40s; 20V battery + 12V DC adapter (both included)","Best value standalone cordless — real 160 PSI power and dual power sources without buying into any tool ecosystem, backed by AstroAI's huge review base.",,,needs affiliate link
17,"Best Portable Jump Starters","Hulkman Alpha85 2000A Smart Jump Starter with LCD Display","Hulkman",B08M41FX48,"https://www.amazon.com/dp/B08M41FX48","$100-130","2000A peak; 20000mAh/74Wh; up to 8.5L gas / 6.0L diesel; 3.3in LCD","The premium smart pick — the LCD shows exact battery %, voltage and jump readiness (no guessing at LED dots), plus fast 65W USB-C recharge and a strong review record. Shoots well for a premium reel.",,,needs affiliate link
18,"Roadside Emergency Kit Essentials","Wagan FRED Flashing Roadside Emergency LED Flare (3-Pack)","Wagan",B00C8YXH9C,"https://www.amazon.com/dp/B00C8YXH9C","$30-45","3 reusable LED discs, multiple flash modes, magnetic + hook mount","A reusable, non-flame alternative to burning flares: no fire risk near fuel, weatherproof, visible from a distance. Set them behind a breakdown at night and be seen before you're hit.",,,needs affiliate link
19,"Best Dash Cams for Everyday Drivers","ROVE R2-4K","ROVE",B074JT3698,"https://www.amazon.com/dp/B074JT3698","$90-120","4K 2160p front-only, Wi-Fi 6 + GPS, 2.4-inch screen","The internet's default best-budget 4K cam, with one of the largest review counts in the category. Massive search volume and an easy yes for value shoppers — a conversion engine.",,,needs affiliate link
20,"Roadside Emergency Kit Essentials","First Alert AUTO5 Car Fire Extinguisher (UL Rated 5-B:C)","First Alert",B000P0DPGQ,"https://www.amazon.com/dp/B000P0DPGQ","$20-30","UL-rated 5-B:C with mounting bracket included","One of the few trunk items that protects both the car and the people in it. First Alert is a household-trusted fire-safety name, and the bracket keeps the unit secured and reachable.",,,needs affiliate link
21,"Car Gear Worth Keeping in Your Trunk","Chemical Guys Car Wash Kit 14-Pc Arsenal Builder","Chemical Guys",B07FTRZLM5,"https://www.amazon.com/dp/B07FTRZLM5","$75-110","14 pieces incl. TORQ foam blaster + seven 16oz care chemicals","Chemical Guys is the enthusiast-default detailing brand and the Arsenal Builder is its flagship Amazon kit — roughly $200 of product for well under $100, hooks to any garden hose; the strongest complete premium wash pick.",,,needs affiliate link
22,"Best Dash Cams for Everyday Drivers","Nextbase iQ 4K Smart Dash Cam (Front + Rear)","Nextbase",B0CJWHSWSS,"https://www.amazon.com/dp/B0CJWHSWSS","$400-600","4K front + 1440p rear, built-in 4G LTE + live streaming, Emergency SOS","The aspirational halo of the lineup — a smart guardian that streams live and can call for help on impact. The connected/SOS angle sells protection well beyond plain loop footage.",,,needs affiliate link
23,"Best Cordless Tire Inflators","Milwaukee M12 Compact Inflator 2475-20 (Bare Tool)","Milwaukee",B07CTY3W98,"https://www.amazon.com/dp/B07CTY3W98","$99 (tool only)","120 PSI max; car tire top-off under 1 min; M12 12V battery (separate)","Milwaukee's 'fastest cordless' reputation and jobsite durability — the obvious pick if you already own M12 batteries.",,,needs affiliate link
24,"Best Portable Power for Car and Road Trips","Anker SOLIX C300 Portable Power Station","Anker",B0D62GMQ3F,"https://www.amazon.com/dp/B0D62GMQ3F","$179-299","288Wh LiFePO4; 300W AC (600W surge); 3 AC + 2x 140W USB-C + 120W car; 8 ports; 0-80% in 50 min","Best-value compact: 288Wh and a genuine 300W AC output in a grab-and-go size, with fast 140W two-way USB-C and 8 ports. Undercuts Jackery's 300 on price with strong reviews.",,,needs affiliate link
25,"Roadside Emergency Kit Essentials","Boulder Tools Heavy Duty Tire Repair / Plug Kit","Boulder Tools",B01E635PGA,"https://www.amazon.com/dp/B01E635PGA","$25-35","56-piece pro kit with T-handle tools and 30 plugs","A screw or nail in the tread doesn't have to end the trip. The well-reviewed heavy-duty pick that actually plugs a puncture at the roadside so you can reinflate and drive to a shop.",,,needs affiliate link
26,"Car Gear Worth Keeping in Your Trunk","iOttie Velox Magnetic Wireless Charging Air Vent Mount (MagSafe)","iOttie",B098HD3B4L,"https://www.amazon.com/dp/B098HD3B4L","$50-60","MagSafe magnetic hold + 7.5W Qi wireless charging + bundled car charger","Aluminum housing, a soft silicone face, and a strong MagSafe magnet — AppleInsider calls it the cream of the crop of vent mounts; it mounts and charges in one clean unit with no dangling cable.",,,needs affiliate link
27,"Best Portable Jump Starters","Fanttik T8 Apex 2000A Jump Starter with LED Display, 65W PD","Fanttik",B09CTJMLQP,"https://www.amazon.com/dp/B09CTJMLQP","$90-130","2000A peak; 20000mAh; 65W PD; up to 8.5L gas / 6L diesel; LED display","The design-forward premium compact — smart readout + fast recharge + a genuinely premium industrial design that shoots beautifully as a reel hero, still handling up to 8.5L gas / 6L diesel in a pocketable body.",,,needs affiliate link
28,"Car Gear Worth Keeping in Your Trunk","Drop Stop Car Seat Gap Filler (Set of 2 + Pad & Light)","Drop Stop",B00BYH6C1E,"https://www.amazon.com/dp/B00BYH6C1E","$25-30","High-grade neoprene that expands/contracts to seal any gap, anchored at the seatbelt catch","The original Shark Tank product with 70,000+ ratings near 4.6 stars — the premium patented pick vs a flood of $6 knockoffs — as a set of 2 (driver + passenger) plus a slide-free pad and LED light.",,,needs affiliate link
29,"Best Cordless Tire Inflators","DeWalt 20V MAX Corded/Cordless Inflator DCC020IB (Bare Tool)","DeWalt",B07H39S9JQ,"https://www.amazon.com/dp/B07H39S9JQ","$99 (tool only)","160 PSI max; 3 power sources (20V/12V/110V); digital auto-shutoff","Unmatched versatility — three power sources mean it never leaves you stranded, in DeWalt build quality for garage and roadside.",,,needs affiliate link
30,"Roadside Emergency Kit Essentials","AstroAI Portable Air Compressor Tire Inflator (12V DC)","AstroAI",B07KT11VBL,"https://www.amazon.com/dp/B07KT11VBL","$28-40","12V digital inflator with auto-shutoff at preset PSI","Refills a low or freshly plugged tire in minutes without hunting for a gas-station pump, and the digital preset shuts off at your target PSI. AstroAI's best-selling inflator.",,,needs affiliate link