tier,priorityRank,productName,asin,amazonUrl,category,whyItCouldSell,suggestedPage,reelAngle,verified,affiliateUrl,status
S,1,"riemot Luggage Travel Cup Holder (Free-Hand Drink Carrier)",B07Y2ZYKRS,"https://www.amazon.com/dp/B07Y2ZYKRS","Travel & Carry","Nearly impossible to find by guessing keywords; you need the riemot name and the exact listing.","Worth Keeping in the Car","Hands overflowing at the gate -> snap it onto the handle -> two coffees and a phone parked, hands free.",yes,,needs affiliate link
S,2,"Kitchen Gizmo Snap N' Strain Clip-On Pot Strainer",B01MZ14LJV,"https://www.amazon.com/dp/B01MZ14LJV","Kitchen/Sink","Market flooded with flimsy look-alikes; people want THE trusted heavily-reviewed original.","Clever Kitchen Tools","Snap the strainer onto the boiling pot rim, tilt and drain one-handed straight into the sink.",yes,,needs affiliate link
S,3,"Drop Stop - The Original Patented Car Seat Gap Filler (Set of 2)",B00BYH6C1E,"https://www.amazon.com/dp/B00BYH6C1E","Car","Dozens of knockoffs; the link lands the patented original that seals to the seatbelt catch.","Worth Keeping in the Car","Drop a phone into the gap, cut, then it bounces off the Drop Stop — '$20 ends the worst part of driving.'",yes,,needs affiliate link
S,4,"Swigzy Car Cup Holder Expander Adapter (Stanley/Yeti/Hydro Flask)",B0752DZ1SB,"https://www.amazon.com/dp/B0752DZ1SB","Car","Sizing is confusing; our link points to the patented Swigzy that locks the giant tumbler in place.","Worth Keeping in the Car","Giant Stanley wobbling in the seat, then twist the Swigzy open and it drops in with a satisfying click.",yes,,needs affiliate link
S,5,"Invisible Glass 95161 Reach & Clean Windshield Wand",B0017K69MA,"https://www.amazon.com/dp/B0017K69MA","Car","Invisible Glass is the trusted name; link avoids flimsy generic wands that smear.","Worth Keeping in the Car","Streaky hazy windshield, one glide of the wand, jaw-drop clear stripe — oddly satisfying single-take.",yes,,needs affiliate link
A,6,"TubShroom Bathtub Drain Hair Catcher",B01M0H7YC2,"https://www.amazon.com/dp/B01M0H7YC2","Home/Bathroom","Distinctive branded name people must search by; tons of flat-strainer imitators.","Small Fixes for the House","Pull the TubShroom after a week, reveal the horrifying hair coil, wipe and drop it back.",yes,,needs affiliate link
A,7,"Sleepy Ride Airplane Footrest (Under-Seat Foot Hammock)",B01FB9IPLU,"https://www.amazon.com/dp/B01FB9IPLU","Travel & Carry","Hard to search without knowing the phrase 'airplane footrest hammock.'","Worth Keeping in the Car","Cramped legs -> loop the sling over the tray arms -> feet up, instant recline.",yes,,needs affiliate link
A,8,"My Critter Catcher Spider and Insect Catcher",B0192MB5RS,"https://www.amazon.com/dp/B0192MB5RS","home/novelty","Impossible to find from memory — you must know the exact name. Elite link gravity.","Small Fixes for the House","POV: huge spider on the wall. Slow creep in, bristles engulf it, walk it to the door and release.",yes,,needs affiliate link
A,9,"Saucemoto Dip Clip - In-Car Sauce Holder (2 Pack)",B07D1KW3PB,"https://www.amazon.com/dp/B07D1KW3PB","Car","It's the Shark Tank branded original; the link is half the joke and half the sale.","Worth Keeping in the Car","Deadpan 'most unnecessary/necessary car gadget' — clip on vent, dunk a nugget mid-drive.",yes,,needs affiliate link
A,10,"Karidge Mini Bag Sealer (Handheld Heat Sealer & Cutter)",B07SPRZ3BM,"https://www.amazon.com/dp/B07SPRZ3BM","Kitchen/Storage","Search flooded with clones; viewers want the specific one that actually seals and isn't a dud.","Clever Kitchen Tools","Run it once across an open chip bag, it heat-seals airtight in 2 seconds, then flip it to re-cut open.",yes,,needs affiliate link
A,11,"KindGa Silicone Stove Gap Covers (Set of 2, trimmable)",B08GCS5H4T,"https://www.amazon.com/dp/B08GCS5H4T","Kitchen/Stove","Searching 'gap filler' buries it under caulk; you need the exact heat-resistant trimmable silicone T-strip.","Clever Kitchen Tools","Sprinkle crumbs into a disgusting stove gap, snap the strip in, wipe clean in one swipe.",yes,,needs affiliate link
A,12,"AirSquares Original Earbud Cleaning Putty for AirPods (12-Pack)",B0BRQX56RF,"https://www.amazon.com/dp/B0BRQX56RF","Desk/Tech","It's the branded 'Original' (as-seen-on-TV), not a random putty that leaves residue in your earbuds.","Useful Things Under $25","Press a grimy earbud into the putty, peel away, and the wax lifts out in a satisfying cast.",yes,,needs affiliate link
A,13,"The Airhook 2.0 Airline & Vehicle Drink and Device Holder",B07S3R62NH,"https://www.amazon.com/dp/B07S3R62NH","Travel & Carry","'Airhook' is a brand name you have to know; undiscoverable by description alone.","Worth Keeping in the Car","Cramped tray with no room -> clip the Airhook on the seat-back -> drink hangs level, phone at eye line.",yes,,needs affiliate link
A,14,"CERAKOTE Ceramic Headlight Restoration Kit (10 Wipe)",B084RQKLV8,"https://www.amazon.com/dp/B084RQKLV8","Car","CERAKOTE is the detailer-favorite that actually lasts vs kits that re-yellow in weeks.","Worth Keeping in the Car","Split-headlight before/after in real time — one wipe turns cloudy yellow to glass-clear.",yes,,needs affiliate link
A,15,"FOLEX Instant Carpet Spot Remover (32 oz)",B0F2CT978P,"https://www.amazon.com/dp/B0F2CT978P","Car","A specific formula (no rinse/no scrub); link avoids the wrong Folex variant/size.","Worth Keeping in the Car","Spray a dark seat stain, blot once, it disappears with zero scrubbing — 'why is this legal.'",yes,,needs affiliate link
A,16,"Angry Mama Microwave Steam Cleaner",B01G1G5SJO,"https://www.amazon.com/dp/B01G1G5SJO","cleaning","Cheap impulse, funny name, and the 'it steams out of her HEAD?' reaction drives the tap-through.","Small Fixes for the House","Fill her up, microwave, steam erupts from her head, then a single satisfying wipe.",yes,,needs affiliate link
A,17,"Scrub Daddy Damp Duster",B0CK99VP7J,"https://www.amazon.com/dp/B0CK99VP7J","cleaning","Cresting on CleanTok in 2026; cheap, universal, the dirty-water rinse is instant proof.","Small Fixes for the House","Drag it across filthy blinds leaving clean stripes, then rinse the black dust out under the tap.",yes,,needs affiliate link
A,18,"Travelon Bag Bungee (Add-A-Bag Luggage Strap)",B001TR0UZI,"https://www.amazon.com/dp/B001TR0UZI","Travel & Carry","'Bag bungee' is the magic phrase most travelers have never heard.","Worth Keeping in the Car","Tote keeps sliding off the handle -> loop the bungee over -> bag locked, walk smooth.",yes,,needs affiliate link
A,19,"YouCopia RollDown Egg Dispenser for the Fridge",B0B44HBRH9,"https://www.amazon.com/dp/B0B44HBRH9","Kitchen/Organization","Nearly impossible to search without knowing 'RollDown egg dispenser'; the mechanism is the hook.","Clever Kitchen Tools","Take the bottom egg, the next rolls down into place on cue. Perfect 5-second loop shot head-on.",yes,,needs affiliate link
A,20,"Perilogics Universal In-Flight Airplane Phone Holder",B07T8KL6C6,"https://www.amazon.com/dp/B07T8KL6C6","Travel & Carry","Tons of knockoffs; 'Perilogics' is the trusted, most-reviewed one.","Worth Keeping in the Car","Clamp onto the seat-back tray latch -> phone floats at eye level -> hands free the whole flight.",yes,,needs affiliate link
A,21,"Uproot Cleaner Pro Pet Hair Removal Tool",B09LNX88YK,"https://www.amazon.com/dp/B09LNX88YK","pet/cleaning","The 'I just vacuumed and THIS came out' reveal is jaw-dropping; needs the Uproot name.","Small Fixes for the House","Vacuum a couch, then drag the Uproot across the 'clean' cushion and lift a thick rope of hair.",yes,,needs affiliate link
A,22,"GELIVABLE Mold Mildew Cleaner Gel (8 oz)",B08CR37VXQ,"https://www.amazon.com/dp/B08CR37VXQ","Home/Bathroom","Dozens of near-identical no-name gels; buyers need the exact listing that works, not a knockoff.","Small Fixes for the House","Squeeze a bead onto black moldy silicone, timelapse a few hours, wipe to reveal snow-white seal.",yes,,needs affiliate link
A,23,"Power Perch Double Wall Outlet Shelf",B07HGC7L5R,"https://www.amazon.com/dp/B07HGC7L5R","Home","People describe it clumsily ('shelf on the plug'); the branded listing ends the search instantly.","Small Fixes for the House","Messy toothbrush on the sink, 20-second install onto the outlet, phone + toothbrush float on the wall.",yes,,needs affiliate link
A,24,"PULIDIKI Car Cleaning Gel (Detailing Putty)",B081T7N948,"https://www.amazon.com/dp/B081T7N948","Car","Quality varies wildly (some leave residue); link points to the high-rated PULIDIKI that lifts clean.","Worth Keeping in the Car","Press the blue gel into a dusty vent, peel it back full of grime — textbook satisfying loop.",yes,,needs affiliate link
A,25,"ColorCoral Cleaning Gel Universal Dust Cleaner (160g)",B07GW9TJ3G,"https://www.amazon.com/dp/B07GW9TJ3G","Desk/Tech","Tons of clones dry out fast; ColorCoral is the reputable one that stays tacky and reusable.","Small Fixes for the House","Press the blob into the keys, peel back slowly to reveal all the trapped filth. Pure dopamine.",yes,,needs affiliate link
B,26,"CLOCKY Alarm Clock on Wheels",B004MSMUGI,"https://www.amazon.com/dp/B004MSMUGI","bedroom","The chase-it demo is irresistible video; viewers need the name Clocky to buy it.","Small Fixes for the House","Alarm blares, Clocky leaps off the table and rolls under the bed while a groggy person crawls after it.",yes,,needs affiliate link
B,27,"ChomChom Roller Pet Hair Remover",B00BAGTNAQ,"https://www.amazon.com/dp/B00BAGTNAQ","pet/cleaning","Massive pet audience; the emptying reveal is proof-of-work that sells itself.","Small Fixes for the House","Roll a furry cushion 10 seconds, pop the chamber, dump out a shocking wad of fur.",yes,,needs affiliate link
B,28,"FlexiSnake Drain Weasel Hair Clog Remover Kit",B01NB0729G,"https://www.amazon.com/dp/B01NB0729G","Home/Bathroom","Named product with many refill/length variants; buyers need the correct kit + wand refills.","Small Fixes for the House","Feed the wand down a 'dead' drain, twist, and extract a monster hair clog. Water rushes down.",yes,,needs affiliate link
B,29,"Barefoot Caribou Hat Clip for Travel Bags",B0D572Y3YJ,"https://www.amazon.com/dp/B0D572Y3YJ","Travel & Carry","'Hat clip' surfaces dozens; the demo sells this exact clean one.","Worth Keeping in the Car","Take the hat off -> clip it to the backpack strap -> hands free, hat safe.",yes,,needs affiliate link
B,30,"HyperChiller Iced Coffee/Beverage Cooler (HC2)",B07FJ6J24R,"https://www.amazon.com/dp/B07FJ6J24R","kitchen","Huge iced-coffee audience + a satisfying pour reveal; the name is the only way to find it.","Clever Kitchen Tools","Brew hot into it, swirl counting to 60, pour over into a glass — steam to frost. 'Saved $6 a day.'",yes,,needs affiliate link
B,31,"Food Huggers 5pc Reusable Silicone Food Savers",B01J4ADMI8,"https://www.amazon.com/dp/B01J4ADMI8","Kitchen/Storage","Tons of knockoffs; the original patented Food Huggers is the one that actually grips and lasts.","Clever Kitchen Tools","Snap a cap onto a cut onion and half a lemon, drop in the fridge, cut to 'a week later' still fresh.",yes,,needs affiliate link
B,32,"Auto-Glide Self-Pushing Soda & Drink Can Dispenser for Fridge",B0BDKJH2G3,"https://www.amazon.com/dp/B0BDKJH2G3","Kitchen/Organization","No real brand name to remember; you can't search 'the thing that pushes my cans forward'.","Clever Kitchen Tools","Load a tight row of cans, grab the front one, the spring clacks the next can forward on its own.",yes,,needs affiliate link
B,33,"Luxiv Herb Stripper (9 holes)",B07WRFY7TJ,"https://www.amazon.com/dp/B07WRFY7TJ","Kitchen/Prep","You cannot search for it unless you know the phrase 'herb stripper' — pure link gravity.","Clever Kitchen Tools","Thread a woody rosemary stem through a hole, pull once, every leaf strips off in a cascade.",yes,,needs affiliate link
B,34,"Tri-Braided Travel Clothesline (Clip-Free, No Pins Needed)",B09KP6BZBJ,"https://www.amazon.com/dp/B09KP6BZBJ","Travel & Carry","Obscure; nobody searches 'braided clothesline no clips' until they see it work.","Worth Keeping in the Car","Twist the braid, tuck a shirt corner into the gap -> it grips with no pins at all.",yes,,needs affiliate link
B,35,"Twelve South AirFly Pro 2 (Airplane Bluetooth Audio Transmitter)",B0DWT9FM4J,"https://www.amazon.com/dp/B0DWT9FM4J","Travel & Carry","'AirFly' is the exact brand to search; people describe it wrong and can't find it.","Worth Keeping in the Car","Plug into the seat-back screen -> AirPods connect -> movie audio with zero tangled cord.",yes,,needs affiliate link
B,36,"ODISTAR Mini Desktop Vacuum Cleaner (Cordless Table Sweeper)",B082D8F917,"https://www.amazon.com/dp/B082D8F917","Desk/Tech","Many mini vacuums have no suction; this one actually pulls debris and the shape reads adorable.","Small Fixes for the House","Sprinkle crumbs on the desk, set the little dome down, it rolls over and inhales them. Cute + satisfying.",yes,,needs affiliate link
B,37,"Kuhn Rikon Kochblume Spill Stopper (rising-flower boil-over lid)",,"https://www.amazon.com/s?k=Kuhn+Rikon+Kochblume+spill+stopper","Kitchen/Stove","Specific patented flower design; generic 'spill stopper' only pulls flat discs, not the Kochblume.","Clever Kitchen Tools","Pot violently boiling over — drop the flower lid on and the foam instantly calms as petals rise.",no,,NEEDS ASIN REVIEW
B,38,"Scrubba Wash Bag (Pocket-Sized Portable Washing Machine)",B01N68XF0O,"https://www.amazon.com/dp/B01N68XF0O","Travel & Carry","'Scrubba' is a specific brand name; unmistakable once seen, invisible if you don't know it.","Worth Keeping in the Car","Dirty shirt + water + soap in the bag -> 30 seconds of rubbing -> clean shirt in a hotel sink.",yes,,needs affiliate link
B,39,"CuloClean Portable Bidet (Bottle-Attach Travel Nozzle)",B07L448T4K,"https://www.amazon.com/dp/B07L448T4K","Travel & Carry","'CuloClean' is the exact name; near-impossible to find otherwise.","Worth Keeping in the Car","Screw it onto a plastic bottle -> squeeze -> instant travel bidet that fits in a pocket.",yes,,needs affiliate link
B,40,"Chef'n StemGem Strawberry Huller",B002XOHZWC,"https://www.amazon.com/dp/B002XOHZWC","Kitchen/Prep","You'd never find it typing random words; it's the named 'StemGem' and cheap enough to buy on the spot.","Clever Kitchen Tools","Push the little claw into the top of a strawberry, gentle twist, and the crown pops out clean.",yes,,needs affiliate link
B,41,"Angry Mama Microwave Steam Cleaner",B078Y67JN4,"https://www.amazon.com/dp/B078Y67JN4","Home/Cleaning","Distinct product with many clones; buyers want the recognizable one, perfect cheap impulse add.","Small Fixes for the House","Fill her up, microwave, steam pours from her head, then wipe a filthy microwave spotless in one swipe.",yes,,needs affiliate link
B,42,"NANA HATS Banana Freshness Preserver",B0F8DJGMCZ,"https://www.amazon.com/dp/B0F8DJGMCZ","kitchen/novelty","Pure 'what IS that' charm + Shark Tank trust; the name is the only way to find it.","Clever Kitchen Tools","Time-lapse: two banana bunches, one capped staying yellow while the other blackens.",yes,,needs affiliate link
B,43,"GlowBowl Motion-Activated Toilet Nightlight",B018Z0TE3K,"https://www.amazon.com/dp/B018Z0TE3K","bathroom/novelty","Cheap, funny, gift-able, and the glowing-toilet visual is an instant scroll-stopper.","Small Fixes for the House","Lights off, walk into the bathroom, the toilet glows to life cycling colors.",yes,,needs affiliate link
B,44,"Rightline Gear Moki Car Door Step (Roof Access Latch Step)",B07JMTVP9N,"https://www.amazon.com/dp/B07JMTVP9N","Car","Rightline is the branded Shark Tank original vs no-name copies with sketchy load ratings.","Worth Keeping in the Car","Person on tiptoes failing to reach the roof, then hooks the step on and stands up easily.",yes,,needs affiliate link
B,45,"DREAM ART Anywhere Portable Blackout Curtain (Suction Cups)",B074332BWR,"https://www.amazon.com/dp/B074332BWR","Travel & Carry","Niche; 'portable blackout curtain' is not a phrase most people know to search.","Worth Keeping in the Car","Bright hotel window at 6am -> press the suction cups on -> room goes pitch black.",yes,,needs affiliate link
B,46,"MOFT Invisible Slim Laptop Stand (Adhesive, Fold-Out)",B0967W2YWJ,"https://www.amazon.com/dp/B0967W2YWJ","Desk/Tech","Tons of flimsy clones; MOFT is the original patented one that holds and re-sticks.","Things Worth Knowing About","Flip the closed laptop over — looks like nothing's there — then unfold the hidden stand in one second.",yes,,needs affiliate link
B,47,"Rinseroo Slip-On Shower Hose Attachment",B0B6B8P2TP,"https://www.amazon.com/dp/B0B6B8P2TP","bathroom/pet","One product solves shower-cleaning, pet baths and hair-rinsing — multi-use content.","Small Fixes for the House","Slide it onto the showerhead, hose down the whole shower or a dog, then pop it off. No plumber.",yes,,needs affiliate link
B,48,"HOVER COVER Magnetic Collapsible Microwave Splatter Cover",B09X97K6GC,"https://www.amazon.com/dp/B09X97K6GC","Kitchen/Stove","'Magnetic microwave cover' is niche and magnet strength is make-or-break; the self-storing one is wanted.","Clever Kitchen Tools","Splattered nasty microwave vs spotless, then the cover magnetically snaps up to the roof and hovers.",yes,,needs affiliate link
B,49,"Vaydeer Undetectable Mouse Mover (M4 Mouse Jiggler, ON/Off Switch)",B08DTXPS51,"https://www.amazon.com/dp/B08DTXPS51","Desk/Tech","You can't find it unless you know 'mouse jiggler' — pure link gravity; we point to the driver-free one with an on/off switch.","Useful Things Under $25","'They don't know this exists' — plug it in, walk away, cursor keeps drifting, status stays green.",yes,,needs affiliate link
B,50,"Chunace Toilet Night Light, 16-Color Motion Sensor (2-Pack)",B07L2Y84K3,"https://www.amazon.com/dp/B07L2Y84K3","Home/Bathroom","Novelty/gag-gift appeal and a specific brand; easy impulse add and gift-guide filler.","Small Fixes for the House","Lights off, walk in, bowl glows electric blue then cycles colors. Deadpan 'why does everyone need this.'",yes,,needs affiliate link
B,51,"kwmobile Foldable Purse Hook / Table Bag Hanger (Set of 2)",B09LR4DYTR,"https://www.amazon.com/dp/B09LR4DYTR","Travel & Carry","'Purse hook' surfaces many; the demo and set-of-2 value sell this one.","Worth Keeping in the Car","No seat for your bag -> unfold the hook on the table edge -> bag hangs off the floor.",yes,,needs affiliate link
B,52,"Aluminum Rapid Defrosting Tray for Frozen Meat",B08V7GSSYS,"https://www.amazon.com/dp/B08V7GSSYS","Kitchen/Stove","To a shopper it's 'just a metal plate' — impossible to find unless you know 'defrosting tray'.","Clever Kitchen Tools","Rock-hard frozen steak on the tray, quick time-lapse, thawed and bendable in under an hour, no microwave.",yes,,needs affiliate link
B,53,"Prepara Herb Savor Pod 2.0 (Set of 3)",B00LIP5PDI,"https://www.amazon.com/dp/B00LIP5PDI","Kitchen/Storage","Specific branded design (door fit, hinged lid, rinse basket); generic 'herb keeper' buries it.","Clever Kitchen Tools","Cram a whole grocery bunch into the pod, add water, close the fridge. 'Alive in 3 weeks.'",yes,,needs affiliate link
B,54,"Baseus Monitor Light Bar (i-wok, Touch Control)",B08CXL3YQ8,"https://www.amazon.com/dp/B08CXL3YQ8","Desk/Tech","The budget hero that gets 80% of a $170 BenQ for a fifth of the price.","Things Worth Knowing About","Lights off, clip the bar on, the whole desk glows evenly while the screen stays glare-free.",yes,,needs affiliate link
B,55,"PROfezzion Magnetic MagSafe Airplane Phone Mount",B0CCR3JYZL,"https://www.amazon.com/dp/B0CCR3JYZL","Travel & Carry","Crowded category; the magnetic MagSafe angle is the fresh, current hook.","Worth Keeping in the Car","Clamp to the seat-back -> phone snaps on magnetically -> instant in-flight screen, no cradle.",yes,,needs affiliate link
C,56,"Kindga Silicone Stove Counter Gap Cover, 25in (Set of 2)",B074DQCYCT,"https://www.amazon.com/dp/B074DQCYCT","Home/Kitchen","Simple, cheap, universally relatable; the exact length/fit link removes guesswork.","Clever Kitchen Tools","Drop crumbs into the nasty stove gap, snap in the silicone strip, then sweep crumbs across it.",yes,,needs affiliate link
C,57,"Elevation Lab The Anchor (Under-Desk Headphone Mount)",B00P31BMHG,"https://www.amazon.com/dp/B00P31BMHG","Desk/Tech","Knockoffs peel off and drop a $300 headset; The Anchor is the original with 3M VHB that holds.","Small Fixes for the House","Headset cluttering the desk, stick The Anchor underneath, hang it — desk instantly clear.",yes,,needs affiliate link
C,58,"SkycropHD Panoramic Wide-Angle Clip-On Rearview Mirror",B07WXMP3WG,"https://www.amazon.com/dp/B07WXMP3WG","Car","Sizes/tints vary; link lands the right anti-glare panoramic that fits over the stock mirror.","Worth Keeping in the Car","POV of cramped stock mirror, clip it on, reveal the huge panoramic view — dramatic before/after.",yes,,needs affiliate link
C,59,"TICARVE Car Cleaning Gel Detailing Putty",B0988X73FW,"https://www.amazon.com/dp/B0988X73FW","auto/cleaning","Dirt-cheap impulse, huge satisfying-demo range (car, desk, keyboard), endlessly re-filmable.","Worth Keeping in the Car","Mash the gel into a filthy AC vent, peel it off covered in gray dust, repeat.",yes,,needs affiliate link
C,60,"The Battery Organiser & Tester (Holds 93)",B01N80S2UX,"https://www.amazon.com/dp/B01N80S2UX","Home/Organization","Satisfying-organization niche where the good version (with tester, clean look) is specific.","Small Fixes for the House","Dump a chaotic battery drawer, slot each into the grid, test-and-toss the dead ones. ASMR-satisfying.",yes,,needs affiliate link
C,61,"Nite Ize Gear Tie (Reusable Bendable Rubber Twist-Ties)",B004MMEHKG,"https://www.amazon.com/dp/B004MMEHKG","Travel & Carry","'Nite Ize Gear Tie' is the exact searchable name and the sizes matter.","Worth Keeping in the Car","Messy cable nest -> wrap a Gear Tie around it -> bundled, then bend it around a rail to hang it.",yes,,needs affiliate link
C,62,"THISWORX Car Vacuum Cleaner (12V Corded, 3 Attachments)",B06ZY896ZM,"https://www.amazon.com/dp/B06ZY896ZM","Car","Tons of clones; ThisWorx is the proven original with the crevice attachments people use.","Worth Keeping in the Car","Suck a visible pile of crumbs/sand from the seat crack in one pass — classic satisfying clip.",yes,,needs affiliate link
C,63,"DAIXISM Furniture & Wood Scratch Repair Markers + Wax (21 pc)",B08LDHHGBG,"https://www.amazon.com/dp/B08LDHHGBG","Home/Fix","Cheap, broadly useful, big wow; buyers want a kit with the right colors and a sharpener.","Small Fixes for the House","Ugly scratch across a table, swipe the marker, buff, and it disappears. Repeat on a floor gouge.",yes,,needs affiliate link
C,64,"Fanttik X8 APEX Cordless Tire Inflator (150 PSI, Dual Screen)",B09YD2D96V,"https://www.amazon.com/dp/B09YD2D96V","Car","Cheap inflators die mid-tire; Fanttik is the premium reliable one and the link nails the right model.","Worth Keeping in the Car","Set target PSI, walk away, it auto-stops in ~1 min while the screen counts up — 'set-and-forget' magic.",yes,,needs affiliate link
C,65,"V-TOP Universal Silicone Sink & Tub Stopper (Flat Disc)",B076JD153W,"https://www.amazon.com/dp/B076JD153W","Travel & Carry","Obscure; nobody searches 'flat silicone sink stopper' until they watch it work.","Worth Keeping in the Car","No sink plug in the hotel -> drop the disc over the drain -> sink fills, hand-wash anywhere.",yes,,needs affiliate link
C,66,"Joseph Joseph Garlic Rocker Crusher",B01ATV4O2O,"https://www.amazon.com/dp/B01ATV4O2O","Kitchen/Prep","A specific shape from a specific brand; cheap lookalikes don't mince evenly.","Clever Kitchen Tools","Rock the curved steel once over a clove, scrape out mince, then rub the tool on your hands to kill the smell.",yes,,needs affiliate link
C,67,"JOYTUTUS 3-in-1 Steering Wheel Desk / Eating Tray",B08R3B946X,"https://www.amazon.com/dp/B08R3B946X","Car","Many flimsy versions; link points to the 3-in-1 with cup slot and back-seat mode.","Worth Keeping in the Car","Flip it onto the wheel, lay out a full lunch + laptop — 'your car is now an office.'",yes,,needs affiliate link
C,68,"Origaudio Moniclip Phone Holder for Computer Monitor",B07S1J3J6K,"https://www.amazon.com/dp/B07S1J3J6K","Desk/Tech","Universal clips wobble or scratch; the Moniclip is the clean branded one sized for any bezel.","Useful Things Under $25","Phone flat and ignored, clip it to the monitor's edge at eye level — instant mini second display.",yes,,needs affiliate link
C,69,"Dreamfarm Spina 2-in-1 In-Sink Collapsible Salad Spinner",B08PFX7TC3,"https://www.amazon.com/dp/B08PFX7TC3","Kitchen/Sink","A specific Dreamfarm product; nothing generic spins-in-the-sink like it, so the brand IS the link.","Clever Kitchen Tools","Rinse greens, set the spinner in the sink, pump the handle, water flies out the bottom, squash it flat.",yes,,needs affiliate link
C,70,"Grout Pen, White Tile Grout Restorer",B006LMFJS4,"https://www.amazon.com/dp/B006LMFJS4","Home/Bathroom","Simple product, big transformation; buyers want a proven pen that does not flake.","Small Fixes for the House","Draw the pen down a filthy grout line; the before/after down one seam is the whole reel.",yes,,needs affiliate link
C,71,"Kitchen SinkShroom Clog-Free In-Drain Strainer",B07L7TXFC7,"https://www.amazon.com/dp/B07L7TXFC7","Kitchen/Sink","Specific patented brand; buyers must grab the KITCHEN version (not the bathroom hair one).","Clever Kitchen Tools","Lift the SinkShroom straight up to reveal a full cone of caught gunk, rinse it, drop it back.",yes,,needs affiliate link
C,72,"Seropy Roll-Up Over-the-Sink Dish Drying / Drain Rack",B08S6M3NXV,"https://www.amazon.com/dp/B08S6M3NXV","Kitchen/Sink","Size must match sink width and cheap ones rust; buyers want the specific well-reviewed dimensions.","Clever Kitchen Tools","Unroll it over the sink, dry dishes / rinse strawberries / rest a hot pot, then roll it up into a drawer.",yes,,needs affiliate link
C,73,"ZATOOTO SUV Ceiling Cargo Net (31x21 in Overhead Storage)",B07VWG7JPW,"https://www.amazon.com/dp/B07VWG7JPW","Car","Fitment/size is confusing; link lands the right overhead net for common SUV roof handles.","Worth Keeping in the Car","Toss pillows/jackets up into the ceiling net revealing hidden storage — 'you're wasting this space.'",yes,,needs affiliate link
C,74,"Stojo On The Go Collapsible Pocket Cup (12oz)",B0150TEWY0,"https://www.amazon.com/dp/B0150TEWY0","Travel & Carry","'Stojo' is a specific brand name; the collapse is the whole sell.","Worth Keeping in the Car","Full-size cup of coffee -> drink up -> push it down, collapses flat into your pocket.",yes,,needs affiliate link
C,75,"Spatty Daddy Last-Drop Spatula Set (6 & 12 in)",B00SQEZPJ8,"https://www.amazon.com/dp/B00SQEZPJ8","kitchen","Frugal-satisfying, dual kitchen+makeup use, Shark Tank trust, cheap impulse.","Clever Kitchen Tools","Scrape a 'finished' peanut butter jar and pull out two more spoonfuls; then a foundation bottle.",yes,,needs affiliate link
C,76,"Ground Loop Noise Isolator (3.5mm)",B019393MV2,"https://www.amazon.com/dp/B019393MV2","Desk/Tech","The fix has a weird technical name almost nobody knows; we route to the right inline version so the buzz dies.","Useful Things Under $25","Record the buzz on-mic, snap the dongle inline, dead silence. Audible before/after that feels like magic.",yes,,needs affiliate link
C,77,"Scrigit Scraper No-Scratch Cleaning Tool (5 Pack)",B00UG6G5F2,"https://www.amazon.com/dp/B00UG6G5F2","cleaning","Cheap, endlessly re-usable content (labels, stovetop seams, window tracks).","Small Fixes for the House","Run the Scrigit along a grimy stovetop seam leaving a spotless track, then peel a jar label.",yes,,needs affiliate link
C,78,"WAYPOINT GOODS Infinity Travel Scarf with Hidden Zipper Pocket",B07PF1BZHR,"https://www.amazon.com/dp/B07PF1BZHR","Travel & Carry","'Infinity scarf with hidden pocket' / Waypoint Goods is a specific searchable pairing.","Worth Keeping in the Car","Cute everyday scarf -> unzip the hidden inner pocket -> passport and phone disappear inside.",yes,,needs affiliate link
C,79,"Frywall Splatter Guard (Medium 10 in)",B01LVV7MMU,"https://www.amazon.com/dp/B01LVV7MMU","kitchen","The 'greasy stove vs spotless stove' demo is instantly convincing; Frywall name = only way to find it.","Clever Kitchen Tools","Fry bacon with Frywall in, then lift it out to reveal a totally clean stovetop.",yes,,needs affiliate link
C,80,"HOTOR Car Trash Can with Lid & Storage Pockets (Leak-Proof, 2 Gal)",B07VGRVKSN,"https://www.amazon.com/dp/B07VGRVKSN","Car","One of Amazon's top-selling car bins; link avoids flimsy versions with weak lids.","Worth Keeping in the Car","Show a messy console, then everything goes into the lidded bin — clean reveal in 5 seconds.",yes,,needs affiliate link
C,81,"Car Net Pocket Handbag / Purse Holder Between Seats",B099KKWWJD,"https://www.amazon.com/dp/B099KKWWJD","Car","Strap/fit configs vary; link lands the strong large-capacity net that installs in a minute.","Worth Keeping in the Car","Purse spills on a hard brake, then rides safe in the net barrier — relatable pain to instant fix.",yes,,needs affiliate link
C,82,"Press-to-Dump Auto-Dumping Sink Strainer Basket",,"https://www.amazon.com/s?k=automatic+dumping+sink+strainer+basket+press+to+dump","Kitchen/Sink","Sold under a dozen rotating no-name titles; the exact link is realistically the only way to find it.","Clever Kitchen Tools","Strainer full of scraps, press the button, it auto-dumps everything into the bin, fingers never touch it.",no,,NEEDS ASIN REVIEW
C,83,"Flip-It! Bottle Emptying Kit (2 Pack)",B079C4B8V8,"https://www.amazon.com/dp/B079C4B8V8","bathroom/kitchen","Cheap, frugal-satisfying, 'this much was left in a bottle you'd have tossed' converts.","Clever Kitchen Tools","Flip an 'empty' shampoo bottle onto the Flip-It cap, come back and squeeze out a week's worth more.",yes,,needs affiliate link
C,84,"Magnasonic Professional Ultrasonic Jewelry Cleaner (CD2800)",B00HZVYAVM,"https://www.amazon.com/dp/B00HZVYAVM","oddly-satisfying/home","Oddly-satisfying gold; the before/after sparkle and filthy water sell it.","Small Fixes for the House","Drop a dull ring and dirty glasses in, hit start, pull them out gleaming as the water turns brown.",yes,,needs affiliate link
C,85,"Cadence Travel Containers (Magnetic Refillable Capsule Set)",B0CK55F6RJ,"https://www.amazon.com/dp/B0CK55F6RJ","Travel & Carry","'Cadence' is a specific premium brand people search by name.","Worth Keeping in the Car","Snap the magnetic capsules into a row -> flip them upside down, zero leak -> pastel toiletry kit.",yes,,needs affiliate link
C,86,"SkyRest Inflatable Forward-Lean Travel Pillow",B000VKP6VW,"https://www.amazon.com/dp/B000VKP6VW","Travel & Carry","'SkyRest' brand plus an unusual form factor people can't name.","Worth Keeping in the Car","Can't sleep sitting up -> inflate it on the tray -> lean forward onto it and pass out.",yes,,needs affiliate link
C,87,"KeySmart Classic Compact Key Holder & Organizer",B00JOFJJ5Y,"https://www.amazon.com/dp/B00JOFJJ5Y","Travel & Carry","'KeySmart' is the specific brand people search for.","Worth Keeping in the Car","Jangling keychain -> load them into the KeySmart -> fan the keys out like a switchblade.",yes,,needs affiliate link
C,88,"Under-Desk Slide-Out Hidden Drawer Organizer (Self-Adhesive)",B09XM9H116,"https://www.amazon.com/dp/B09XM9H116","Desk/Tech","Adhesive strength is make-or-break; we route to the sturdier large slide-out that holds weight.","Useful Things Under $25","Cluttered desktop, sweep everything into the hidden drawer, slide it shut — surface instantly bare.",yes,,needs affiliate link
C,89,"NIIMBOT D110 Mini Bluetooth Label Maker (Thermal, Inkless)",B0CZ6WCHGF,"https://www.amazon.com/dp/B0CZ6WCHGF","Desk/Tech","Refill/tape confusion is real; we send buyers to the current D110 + right tapes so it works out of the box.","Things Worth Knowing About","Type on the phone, the little printer spits a clean sticker, slap it on a cable/jar/bin. Rapid-fire montage.",yes,,needs affiliate link
C,90,"Meiliweser Silicone Faucet Mat / Sink Splash Guard (Gen 2)",B0BS3PMN4L,"https://www.amazon.com/dp/B0BS3PMN4L","Kitchen/Sink","The faucet cut-out fit and working slope vary; buyers want the Gen-2 sloped one that self-drains.","Clever Kitchen Tools","Show the gross puddle behind the faucet, lay the mat, splash water and watch it drain itself back.",yes,,needs affiliate link
C,91,"Bluapple Produce Saver (Ethylene Gas Absorber, 2-Pack)",B005W6DRNY,"https://www.amazon.com/dp/B005W6DRNY","Kitchen/Storage","A specific patented product with replaceable refills; you can't DIY it and searches don't surface it.","Clever Kitchen Tools","'This $12 thing is why my berries last 3 weeks.' 10-sec ethylene explainer + fresh-vs-rotten split.",yes,,needs affiliate link
C,92,"Fur-Zoff Pet Hair Removal Tool",B003465G9M,"https://www.amazon.com/dp/B003465G9M","pet/cleaning","The 'it's made of GLASS?' surprise plus the satisfying hair-roll reveal drives curiosity.","Small Fixes for the House","Sweep the strange gray stone across a hairy car mat and watch it gather fur into a rope.",yes,,needs affiliate link
C,93,"DuHeSin 90-Degree Magnetic USB-C Adapter (24-Pin, 140W, 2-Pack)",B0C4SVY9YJ,"https://www.amazon.com/dp/B0C4SVY9YJ","Desk/Tech","Most magnetic adapters are underpowered 9-pin junk; we point to the true 24-pin/140W version.","Useful Things Under $25","Snap. The cable magnetically clicks into a flat 90-degree elbow. Oddly satisfying close-up ASMR.",yes,,needs affiliate link
C,94,"Hibag 12-Pack No-Vacuum Roll-Up Compression Bags",B07PLHBVZQ,"https://www.amazon.com/dp/B07PLHBVZQ","Travel & Carry","'No-vacuum roll-up compression bags' is the differentiator over pump-required sets.","Worth Keeping in the Car","Stuff clothes in -> roll to squeeze the air out -> half the size, double the suitcase space.",yes,,needs affiliate link
C,95,"Trtl Pillow Scarf-Wrap Neck Support Travel Pillow",B00LB7REFK,"https://www.amazon.com/dp/B00LB7REFK","Travel & Carry","'Trtl' is a specific brand people search by name.","Worth Keeping in the Car","Head flopping on a U-pillow -> wrap the Trtl around your neck -> head locked upright, and it packs flat.",yes,,needs affiliate link
C,96,"MZOO 3D Contoured Blackout Sleep Mask (Zero Eye Pressure)",B07KC5DWCC,"https://www.amazon.com/dp/B07KC5DWCC","Travel & Carry","'MZOO' is the specific searched brand in a sea of generic masks.","Worth Keeping in the Car","Press eyes against a flat mask (annoying) -> switch to the 3D cups -> blink freely, total darkness.",yes,,needs affiliate link
C,97,"The Original Bear Paw Meat Shredder Claws",B003IWI66W,"https://www.amazon.com/dp/B003IWI66W","Kitchen/Prep","Cheap clones snap or melt near heat; the 'Original Bear Paw' name is what buyers hunt for.","Clever Kitchen Tools","Two claws, hands in, tear straight into a whole pork shoulder; it explodes into shreds. Primal, loud.",yes,,needs affiliate link
C,98,"WDSHCR Drywall Repair Patch Kit, Aluminum Mesh (20-Pack)",B08XPQY1Y6,"https://www.amazon.com/dp/B08XPQY1Y6","Home/Fix","Assorted-size kit with scraper/sandpaper is the specific thing buyers need before spackling.","Small Fixes for the House","Fist-sized hole, slap on the patch, skim spackle, sand, paint — jump-cut to a flawless wall.",yes,,needs affiliate link
C,99,"MECO ELEVERDE Cordless Electric Air Duster (100000 RPM)",B0BZGYG32B,"https://www.amazon.com/dp/B0BZGYG32B","Desk/Tech","Wattage/RPM claims vary; we point to the proven high-airflow one that blasts dust out of keys.","Small Fixes for the House","Hold a filthy keyboard, hit the trigger, dust storm erupts. 'Never buy canned air again.'",yes,,needs affiliate link
C,100,"ZWILLING Fresh & Save Cordless Handheld Vacuum Sealer",B087CBM3ZZ,"https://www.amazon.com/dp/B087CBM3ZZ","Kitchen/Storage","Part of the Zwilling system (bags/containers); buyers need the right machine + starter link.","Clever Kitchen Tools","One touch on a bag of steak: air vanishes and the bag shrink-wraps tight in 3 seconds.",yes,,needs affiliate link
C,101,"Govee Water Leak Detectors, 100dB Alarm (5-Pack)",B07QSFRSJX,"https://www.amazon.com/dp/B07QSFRSJX","Home/Safety","Buyers want a trusted brand (Govee) over sketchy sensors; multipack covers the house.","Small Fixes for the House","Set one under the sink, drip water on it, and it instantly shrieks. 'Cheaper than a flooded floor.'",yes,,needs affiliate link
C,102,"Airplane Pockets Tray-Table Cover & Seat-Back Organizer",B07WCXP7CH,"https://www.amazon.com/dp/B07WCXP7CH","Travel & Carry","'Airplane Pockets' is the specific brand; niche and hard to describe.","Worth Keeping in the Car","Slide it over the tray -> grimy tray covered, and pockets now hold phone, water, and passport.",yes,,needs affiliate link
C,103,"BAGSMART Travel Jewelry Organizer Roll",B07K2WKX6W,"https://www.amazon.com/dp/B07K2WKX6W","Travel & Carry","'BAGSMART jewelry roll' is the specific searchable name.","Worth Keeping in the Car","Tangled jewelry mess -> tuck each piece into the roll -> unroll at the hotel, everything in place.",yes,,needs affiliate link
C,104,"VIVO No-Drill Clamp-On Mesh Under-Desk Cable Tray (36in)",B0BS5PVNSX,"https://www.amazon.com/dp/B0BS5PVNSX","Desk/Tech","Rigid trays are fiddly; the flexible clamp-on net gives a bigger, faster 'stuff it all in' transformation.","Things Worth Knowing About","Time-lapse: tangled cords, sweep them into the net, clamp on, desk underside now looks factory-clean.",yes,,needs affiliate link
C,105,"Vimapo Foldable Travel Duffel with Trolley Sleeve (40L)",B0BGS9QMK7,"https://www.amazon.com/dp/B0BGS9QMK7","Travel & Carry","'Trolley sleeve duffel' is the specific searchable feature that matters.","Worth Keeping in the Car","Unfold from a tiny pouch -> full-size duffel -> slide it right onto the suitcase handle.",yes,,needs affiliate link
C,106,"HMPLL 10-Piece Car Detailing Brush Set",B08LN6CZKD,"https://www.amazon.com/dp/B08LN6CZKD","Car","Bristle quality matters (scratch-free boar hair); link lands the trusted 10-pc set.","Worth Keeping in the Car","Brush a dusty vent while the debris lifts out — ASMR-grade close-up.",yes,,needs affiliate link
C,107,"Rechargeable Motion-Sensor Under-Cabinet LED Light (2-Pack)",B08CF4H5XZ,"https://www.amazon.com/dp/B08CF4H5XZ","Home/Lighting","Huge category of look-alikes; buyers want a proven bright rechargeable pair.","Small Fixes for the House","Wave a hand at a pitch-black closet; the strip snaps on and floods it with light.",yes,,needs affiliate link
C,108,"Aquapaw Dog Bath Brush Pro & Shower Attachment",B08B5LRXGR,"https://www.amazon.com/dp/B08B5LRXGR","pet","The one-handed spray-scrub demo is a clear aha; strong pet-owner conversion.","Things Worth Knowing About","Strap it on, one-handed spray-and-scrub a happy dog while the other hand holds the leash.",yes,,needs affiliate link
C,109,"LeeYean Silicone Oven Rack Guards / Edge Burn Shields (4-Pack)",B07R129SVZ,"https://www.amazon.com/dp/B07R129SVZ","Kitchen/Stove","'Oven rack guard' isn't intuitive to search, and heat rating + 14in fit matter.","Clever Kitchen Tools","Show the classic forearm oven-rack burn, then clip the bright red strips on and reach in fearlessly.",yes,,needs affiliate link
C,110,"Drillbrush Drill Brush Attachment Set (Bathroom)",B01MRLZ43B,"https://www.amazon.com/dp/B01MRLZ43B","Home/Cleaning","Drillbrush is the trusted name amid clones; buyers want the right bristle set.","Small Fixes for the House","Press the spinning brush to a mildewed grout line; grime foams away in a clean sweep.",yes,,needs affiliate link
C,111,"Car Seat Gap Filler Organizer with Cup Holders & Hooks (2 Pack)",B096VFKPLG,"https://www.amazon.com/dp/B096VFKPLG","Car","Many single-function fillers exist; link lands the multifunction 2-pack that fits both sides.","Worth Keeping in the Car","Slide it into the gap, then load a drink, phone, sunglasses and a bag hook — 'four upgrades, one slot.'",yes,,needs affiliate link
C,112,"Zip Top Reusable Silicone Bags & Containers (Set of 8)",B07TK2Z7KV,"https://www.amazon.com/dp/B07TK2Z7KV","Kitchen/Storage","The 'stands up / no lids' single-piece design is patented and brand-specific.","Clever Kitchen Tools","Set a bag on the counter — it stands open by itself — ladle in soup, pinch it zipped, microwave it.",yes,,needs affiliate link
C,113,"Gonex Compression Packing Cubes (4-Piece, Expandable)",B07BNMX3WG,"https://www.amazon.com/dp/B07BNMX3WG","Travel & Carry","'Compression packing cubes' with the zip-down twist is the specific hook.","Worth Keeping in the Car","Pack a stuffed cube -> pull the compression zipper -> it flattens and the suitcase closes easy.",yes,,needs affiliate link
C,114,"BenQ ScreenBar Halo 2 LED Monitor Light Bar",B0DK59YKRS,"https://www.amazon.com/dp/B0DK59YKRS","Desk/Tech","The Halo 2 is the newest 2026 version (motion sensor + wireless dial); we get buyers to the current model.","Things Worth Knowing About","Sit down, it senses you and lights up; spin the dial to warm the room; backlight halos the monitor.",yes,,needs affiliate link
C,115,"Baseus Magnetic Cable Clips 3-Pack (Desktop Cord Catcher)",B07CKK6P6C,"https://www.amazon.com/dp/B07CKK6P6C","Desk/Tech","Adhesive quality is everything; Baseus is the reputable one that holds and releases cleanly.","Useful Things Under $25","Drop the cable, it falls, then the magnet snaps it back to the desk lip. Small satisfying loop.",yes,,needs affiliate link
C,116,"Fullstar The Original Pro Chopper (4-in-1)",B0764HS4SL,"https://www.amazon.com/dp/B0764HS4SL","Kitchen/Prep","Dozens of knockoff choppers; buyers want THE one from the video that doesn't snap.","Clever Kitchen Tools","Whole onion on the tray, one loud PUMP, lid lifts to reveal a perfect pile of dice.",yes,,needs affiliate link
C,117,"Lamicall Car Headrest Tablet Holder (3-in-1 Extension Arm)",B0BRRPP5KH,"https://www.amazon.com/dp/B0BRRPP5KH","Car","Lamicall is the reputable brand with the sturdy metal crossbar vs wobbly no-names.","Worth Keeping in the Car","Snap an iPad in, swing the arm to the back-seat kid, cut to peaceful drive — 'road trip saved.'",yes,,needs affiliate link
C,118,"Rapid Ramen Cooker",B00H8BFGPI,"https://www.amazon.com/dp/B00H8BFGPI","kitchen/dorm","Cheap, mass student/office appeal, and the 'fits the brick perfectly' aha moment.","Clever Kitchen Tools","Drop the brick in, it fits like a glove, add water, 3 minutes later perfect ramen.",yes,,needs affiliate link
C,119,"YouCopia StoraBag Food Bag Dispenser (3-Slot)",B0B1RY1C2R,"https://www.amazon.com/dp/B0B1RY1C2R","Kitchen/Organization","'StoraBag' is the exact search key; without the brand it's hard to find the good one.","Clever Kitchen Tools","Toss the crushed bag boxes, load the dispenser, pull one bag out one-handed like a tissue.",yes,,needs affiliate link
C,120,"LISEN Retractable Car Charger (Dual USB-C, 75W, 4-in-1)",B0DQJ6LWLR,"https://www.amazon.com/dp/B0DQJ6LWLR","Car","Retractable quality varies; link points to the dual-retract LISEN that charges up to 4 devices.","Worth Keeping in the Car","Cables snap back into the charger with a zip — one-hand retract, no more tangle — oddly satisfying.",yes,,needs affiliate link
C,121,"Bittwee Retractable Car Coat Hanger (Headrest Mount)",B0CSCTK59K,"https://www.amazon.com/dp/B0CSCTK59K","Car","Retractable-width version is better than fixed; link avoids the cheap rattly ones.","Worth Keeping in the Car","Wrinkled suit crumpled on the seat, then hung crisp on the headrest hanger — 'arrive sharp.'",yes,,needs affiliate link
C,122,"The Pink Stuff Miracle Cleaning Paste (500g)",B00DU5SRIY,"https://www.amazon.com/dp/B00DU5SRIY","Home/Cleaning","Mainstream but buyers still want the genuine Stardrops link, not a look-alike paste.","Small Fixes for the House","Rub the paste on a black burnt pan bottom, wipe, and reveal bare shiny metal.",yes,,needs affiliate link
C,123,"UGREEN USB 3.0 Switch Selector (2 Computers Share 4 USB, One-Button)",B01N6GD9JO,"https://www.amazon.com/dp/B01N6GD9JO","Desk/Tech","Cheap USB switches drop devices; UGREEN is the reliable pick that holds the connection.","Things Worth Knowing About","One keyboard typing into Laptop A, tap the button, same keyboard now typing into PC B.",yes,,needs affiliate link
C,124,"Bamboo Clip-On Bedside Shelf / Floating Nightstand",B0F2N1YB86,"https://www.amazon.com/dp/B0F2N1YB86","Home/Bedroom","Buyers want the sturdy bamboo clamp version that fits their frame thickness.","Small Fixes for the House","Phone and water balanced precariously on the mattress, then clip the shelf on and everything has a home.",yes,,needs affiliate link
C,125,"LickiMat Slow Feeder Lick Mat (Buddy & Soother 2-Pack)",B089DPJPRM,"https://www.amazon.com/dp/B089DPJPRM","pet","Pet-owner catnip; cute, cheap, the 'finally quiet during bath time' payoff sells it.","Useful Things Under $25","Smear food across the mat, stick it to the tub wall, dog blissfully licks through its whole bath.",yes,,needs affiliate link
C,126,"Squeeeek No More Squeaky Floor Repair Kit",B0006IK8YE,"https://www.amazon.com/dp/B0006IK8YE","Home/Fix","Named specialty kit that is hard to find generically; strong 'I need the exact thing' gravity.","Small Fixes for the House","Mic the squeak, drive a screw through the carpet fixture, snap it off, walk back and forth — dead silent.",yes,,needs affiliate link
C,127,"CECEFIN 1080-Degree Swivel Faucet Extender / Sprayer",B0B28TMGLG,"https://www.amazon.com/dp/B0B28TMGLG","Home/Kitchen","Very variant-heavy category; the patented branded listing is the safe pick.","Clever Kitchen Tools","Bend the faucet head into a full loop and spray every corner of the sink. 'Wait, your faucet does that?'",yes,,needs affiliate link
C,128,"Poo-Pourri Before-You-Go Toilet Spray (Original Citrus, 4 oz)",B0108XRHJU,"https://www.amazon.com/dp/B0108XRHJU","bathroom","Humor sells it; broad appeal and strong review social proof.","Small Fixes for the House","Deadpan 'spray before, not after' explainer with the citrus mist hitting the bowl.",yes,,needs affiliate link
C,129,"SpaceAid WrapNeat 3-in-1 Wrap Organizer with Cutter",B09FPFTMVX,"https://www.amazon.com/dp/B09FPFTMVX","Kitchen/Organization","'WrapNeat' is the search key; the slide-cutter mechanism is the whole sell.","Clever Kitchen Tools","Pull the wrap out, slide the cutter across — one clean cut, no jagged mess.",yes,,needs affiliate link
C,130,"Ginsco Cup Holder Mini Car Trash Can (Spring Lid, with Bags)",B0CGHTD8HG,"https://www.amazon.com/dp/B0CGHTD8HG","Car","Link lands the version that includes 90 liner bags + hooks, ready to use out of the box.","Worth Keeping in the Car","Push a wrapper through the spring lid — it snaps shut — repeat, oddly satisfying push-close loop.",yes,,needs affiliate link
C,131,"OXO Good Grips 3-in-1 Avocado Slicer",B0088LR592,"https://www.amazon.com/dp/B0088LR592","Kitchen/Prep","An OXO (trusted brand) doing three jobs; viewers want the one that won't send them to the ER.","Clever Kitchen Tools","Split the skin, sink the pitter and twist — the pit lifts out clean — then fan the slicer through.",yes,,needs affiliate link
C,132,"Dorai Home Stone Bath Mat (Diatomaceous Earth)",B09ZP5GHNQ,"https://www.amazon.com/dp/B09ZP5GHNQ","bathroom","The instant-absorb visual is a scroll-stopper; premium aesthetic.","Small Fixes for the House","Pour a cup of water on the mat, wipe a hand across, the surface is already dry. 'Where did it go?'",yes,,needs affiliate link
C,133,"Wisdompro Car Registration & Insurance Glove Box Organizer",B08DNLSDBJ,"https://www.amazon.com/dp/B08DNLSDBJ","Car","Link lands a clean PU-leather organizer sized to fit any glovebox with dedicated slots.","Worth Keeping in the Car","'When you get pulled over...' — flip open the organizer, docs right there, calm.",yes,,needs affiliate link
C,134,"Lebogner Car Seat Headrest Hooks (4 Pack)",B01N8TOOKD,"https://www.amazon.com/dp/B01N8TOOKD","Car","Weak hooks snap; link lands the strong Lebogner set that holds heavy grocery loads.","Worth Keeping in the Car","Loop four heavy grocery bags onto the hooks so nothing spills — simple, universal win.",yes,,needs affiliate link
C,135,"LAMU Rectangular Fridge Lazy Susan Turntable",B0C5C33WVQ,"https://www.amazon.com/dp/B0C5C33WVQ","Kitchen/Organization","The rectangular no-dead-zone version is specific; 'lazy susan' buries it under round ones.","Clever Kitchen Tools","Spin the loaded turntable and the buried hot sauce swings to the front — 'found it in one second.'",yes,,needs affiliate link
C,136,"D-Line Cable Management Box (Small, Black)",B00846FO0I,"https://www.amazon.com/dp/B00846FO0I","Home/Organization","D-Line is the quality brand vs flimsy clones; buyers want the right size that fits their strip.","Small Fixes for the House","Messy cord nest on the floor, tuck the strip into the box, close the lid — instant tidy.",yes,,needs affiliate link
C,137,"KanSmart Magnetic Sunglasses Holder for Car Visor (with Card Clip)",B0BXS4TN6N,"https://www.amazon.com/dp/B0BXS4TN6N","Car","Weak magnets drop glasses; link lands the strong KanSmart clip that also holds tickets/cards.","Worth Keeping in the Car","Magnet snaps the sunglasses to the visor with a satisfying click — clean premium micro-moment.",yes,,needs affiliate link
C,138,"Kitchen Cube All-in-One Measuring Device",B07TTVJ95X,"https://www.amazon.com/s?k=Kitchen+Cube+Original+All-in-One+Measuring+Device","kitchen/organization","Organization + baking audiences; the 'replaces this entire drawer' reveal is a strong hook.","Clever Kitchen Tools","Dump a messy drawer of cups/spoons, then hold up one cube: 'this replaces all of it.'",no,,needs affiliate link
C,139,"APPS2Car Cup Holder Phone Mount (Long Swivel Arm, 360)",B08D9K56KB,"https://www.amazon.com/dp/B08D9K56KB","Car","Wobble is the failure mode; link lands the sturdy APPS2Car long-arm that holds any phone steady.","Worth Keeping in the Car","Drop the base in the cup holder, swing the long arm up to eye level — 'the mount spot you forgot.'",yes,,needs affiliate link
C,140,"POUT H3 Wireless Charging Mouse Pad (Qi Desk Mat)",B07PHSKKTK,"https://www.amazon.com/dp/B07PHSKKTK","Desk/Tech","Cheap ones charge slowly or overheat; POUT is the design-forward fast-charge pick.","Small Fixes for the House","Set the phone anywhere on the mat's marked zone, charging animation pings on. 'Secretly a charger.'",yes,,needs affiliate link
C,141,"Catit Senses 2.0 Self Groomer",B00D3NI2PG,"https://www.amazon.com/dp/B00D3NI2PG","pet","Cat-owner dopamine; cheap, adorable, self-grooming footage is share-bait.","Useful Things Under $25","Stick it to a corner, cat immediately face-rubs and body-slams it in ecstasy.",yes,,needs affiliate link
C,142,"Car Touch Screen Cleaner Kit (Spray + Brush + Microfiber)",B0D1QSDQ5H,"https://www.amazon.com/dp/B0D1QSDQ5H","Car","Wrong cleaners damage coatings; link lands a screen-safe kit with the right cloths/brush.","Worth Keeping in the Car","Greasy fingerprinted screen, one spray-and-wipe to mirror-clear — crisp before/after.",yes,,needs affiliate link
C,143,"Pop-Up Recessed Power Grommet (2 AC + USB-A/C, In-Desk)",B09C1FTM1Z,"https://www.amazon.com/dp/B09C1FTM1Z","Desk/Tech","Fit depends on cutout size and USB-C wattage; we point to the version with the damped premium pop-up.","Things Worth Knowing About","Tap it, the outlet block silently rises out of the wood, plug in, push it flush. 'Your desk has a secret.'",yes,,needs affiliate link
C,144,"Prime-Line Frameless Shower Door Bottom Seal (36in)",B00E4BI9NG,"https://www.amazon.com/dp/B00E4BI9NG","Home/Bathroom","Fit depends on glass thickness; the branded Prime-Line link plus size guidance saves a return.","Small Fixes for the House","Show water streaming under the door onto the floor, cut in the seal, then water pools harmlessly inside.",yes,,needs affiliate link
C,145,"9-in-1 Keyboard & Laptop Cleaning Kit (with Keycap Puller)",B0G4W3WXRV,"https://www.amazon.com/dp/B0G4W3WXRV","Desk/Tech","Kits vary wildly; we point to the fuller 9-in-1 that includes the keycap puller (the reel money-shot).","Useful Things Under $25","Pop every keycap off, brush out the years of gunk underneath, snap them back. Full restoration.",yes,,needs affiliate link
C,146,"FoodSaver Cordless Handheld Vacuum Sealer (FS1120)",B093FXK7FJ,"https://www.amazon.com/dp/B093FXK7FJ","kitchen","Established brand + the shrink-wrap-in-seconds visual; rides the cordless-sealer wave.","Clever Kitchen Tools","Press it on a zipper bag of steak, air vanishes, bag hugs the meat tight.",yes,,needs affiliate link
C,147,"Electric Spin Scrubber, Cordless w/ 8 Heads",B0BNLT3X59,"https://www.amazon.com/dp/B0BNLT3X59","Home/Cleaning","Crowded category; buyers want a proven battery-life model with enough heads.","Small Fixes for the House","Trigger the spinner on a soap-scummed tile wall; the clean stripe appears as it passes.",yes,,needs affiliate link
C,148,"Yecaye 4-Pack Large J-Channel Cable Raceway (63in, Adhesive)",B08FBFTWQ4,"https://www.amazon.com/dp/B08FBFTWQ4","Desk/Tech","We steer to the peel-and-stick open-channel version so install is 5 minutes, no tools.","Useful Things Under $25","Loose cables everywhere, press each up into the channel — a fistful of cords becomes one clean line.",yes,,needs affiliate link
C,149,"Self-Adhesive Broom & Mop Gripper Wall Holder (4-Pack)",B00KRC4ZF2,"https://www.amazon.com/dp/B00KRC4ZF2","Home/Organization","Cheap, universally useful; buyers want a strong-adhesive version that actually holds.","Small Fixes for the House","Handles falling everywhere, then push each into a gripper and the closet wall is instantly organized.",yes,,needs affiliate link
C,150,"16-Outlet Power Strip Tower with 4 USB (Surge, 10ft)",B07Q4VMGDK,"https://www.amazon.com/dp/B07Q4VMGDK","Desk/Tech","Joule protection varies; we route to the higher-count surge tower with individual switches.","Things Worth Knowing About","Pan up the tower plugging in device after device off a single wall plug. 'That's a lot of outlets.'",yes,,needs affiliate link
C,151,"VICSEED MagSafe Car Vent Mount (Strongest-Magnet)",B08YJ9YYFR,"https://www.amazon.com/dp/B08YJ9YYFR","Car","Magnet strength varies hugely; link lands the VICSEED known for gripping through cases.","Worth Keeping in the Car","Hang several phones off one mount, then smack it — nothing falls — 'strongest magnet' proof.",yes,,needs affiliate link
C,152,"LUXE Bidet NEO 120 Non-Electric Attachment",B00JG2DETM,"https://www.amazon.com/dp/B00JG2DETM","Home/Bathroom","LUXE is the trusted starter bidet; buyers want the exact NEO 120 over unknown brands.","Small Fixes for the House","Speed-run the 20-minute install, then the control-knob reveal. 'You did not need a $600 seat.'",yes,,needs affiliate link
C,153,"Plzpik Car Backseat Organizer with Foldable Tray & Tablet Holder",B0CRLGC49R,"https://www.amazon.com/dp/B0CRLGC49R","Car","Tray sturdiness varies; link lands the 11-pocket version with the fold-out tray and tablet slot.","Worth Keeping in the Car","Fold down the tray, load snacks + tablet + crayons — 'road-trip mode: activated.'",yes,,needs affiliate link
C,154,"D-Line Cable Tidy Box (Power-Strip Hider, Wood Lid)",B0B1HZWYQM,"https://www.amazon.com/dp/B0B1HZWYQM","Desk/Tech","Cheap boxes look cheap; the D-Line wood-lid pick is the tasteful one that photographs premium.","Things Worth Knowing About","Messy strip on the floor, drop it in the box, close the wood lid — clutter simply gone.",yes,,needs affiliate link
C,155,"StylPro Original Makeup Brush Cleaner and Dryer",B076HRBWL2,"https://www.amazon.com/s?k=StylPro+Original+Makeup+Brush+Cleaner+and+Dryer","beauty-tools","Beauty audience converts hard on the fast-clean spin demo and the dirty-water swirl.","Things Worth Knowing About","Dunk a caked brush, hit spin, water blooms with color, pull it out clean and already dry.",no,,needs affiliate link
C,156,"LULULOOK Magnetic MagSafe Phone Stand (Aluminum)",B0B49FVT3Q,"https://www.amazon.com/dp/B0B49FVT3Q","Desk/Tech","We skip the generic stands; Lululook is the premium fold-flat aluminum one that feels Apple-grade.","Things Worth Knowing About","Snap the phone to the disc, spin it landscape mid-call, fold the whole thing flat to pocket.",yes,,needs affiliate link
C,157,"Kitstorack Under-Sink Slide-Out Organizer, 2-Tier (2-Pack)",B0CHNL1JYB,"https://www.amazon.com/dp/B0CHNL1JYB","Home/Organization","Buyers want the sturdy sliding-drawer style (not a static shelf) and the correct fit.","Small Fixes for the House","Chaotic under-sink cabinet, then pull-out drawers glide forward showing everything in reach.",yes,,needs affiliate link
C,158,"Vaydeer All-in-One Dual Monitor Stand Riser (Drawers + USB + Wireless Charge)",B07J3248R7,"https://www.amazon.com/dp/B07J3248R7","Desk/Tech","Most risers are dumb shelves; we route to the 'everything' version that's genuinely a desk hub.","Things Worth Knowing About","Montage: raise the monitors, slide the keyboard under, plug 8 things in, drop the phone on the pad, LED on.",yes,,needs affiliate link
C,159,"OMOTON Vertical Laptop Stand (Aluminum Dock)",B0769G51R7,"https://www.amazon.com/dp/B0769G51R7","Desk/Tech","Slot width matters; OMOTON's adjustable dock fits thin MacBooks AND thick gaming laptops.","Things Worth Knowing About","Cluttered desk with a laptop sprawled flat, slot it upright into the dock, double the free space.",yes,,needs affiliate link
C,160,"simplehuman Wall-Mount Grocery Bag Dispenser",B007ZF638G,"https://www.amazon.com/dp/B007ZF638G","Home/Organization","simplehuman is the quality brand; buyers want it over rattly plastic versions.","Clever Kitchen Tools","Yank the overflowing bag-stuffed cabinet open, feed them all into the dispenser, pull one from the bottom.",yes,,needs affiliate link
C,161,"Leather Cord Taco Cable Organizer (Set of 4)",B08QFQKXR2,"https://www.amazon.com/dp/B08QFQKXR2","Desk/Tech","The real Ugmonk isn't on Amazon; we route to the clean leather set that gives the same look for less.","Small Fixes for the House","Coil the cable, snap the leather taco shut, line up four — tidy, premium, oddly calming.",yes,,needs affiliate link
C,162,"DailyTreasures Acrylic Monitor Memo Board (Side Panels + Shelf)",B07W1W1HLP,"https://www.amazon.com/dp/B07W1W1HLP","Desk/Tech","We point to the fuller kit (both panels + shelf + phone holder), not a single flimsy strip.","Useful Things Under $25","Sticky notes scattered, clip on the clear panels, line the reminders neatly around the screen.",yes,,needs affiliate link
C,163,"Holikme Under-Door Draft Stopper (2-Pack)",B07H9Q8ZZ5,"https://www.amazon.com/dp/B07H9Q8ZZ5","Home/Comfort","Crowded category; buyers want a strong-adhesive proven one and the right width.","Small Fixes for the House","Slide a paper under the door to show the gap, stick on the sweep, then the paper won't pass.",yes,,needs affiliate link